"codigo","minicípio","UF","POP_TOT","Co164","Co111","Co108","Co109","Cs048","Co140","Cs001","Cs026","Cs023","Cs024","Cs0482","Cs025","Cs050","Cs009","Cs010","Cs011","Cs012","Cs013","Cs014"
"410010","Abatiá","PR","7.507","5.542","1.138,00","6","1.000,00","132","0","Sim","132","","","132","","3.800","123","30","32","28","18","15"
"420005","Abdon Batista","SC","2.577","1.400","540","0","540","0","0","Sim","540","0","540","0","","700","1","0","0","1","0","0"
"350060","Águas de São Pedro","SP","3.380","3.380","1.508,00","1.387,00","121","0","0","Sim","121","0","121","0","","3.380","117","46,5","50","13,9","4,6","2"
"410030","Agudos do Sul","PR","9.269","5.000","1.128,00","96","984","0","48","Sim","96","96","0","0","","2.900","50","22","5","8","5","10"
"500025","Alcinópolis","MS","5.268","3.616","1.200,00","0","1.200,00","0","0","Sim","200","0","200","0","","1.800","150","30","80","25","0","15"
"410040","Almirante Tamandaré","PR","117.168","105.451","19.627,00","0","19.627,00","0","0","Sim","150","150","0","0","","23.433","130","40","20","40","20","10"
"350090","Altair","SP","4.134","4.105","958","857","0","101","0","Sim","149","48","0","101","","3.275","101","14","11","32","38","6"
"412862","Alto Paraíso","PR","2.799","1.547","100","100","0","0","0","Sim","50","50","0","0","","1.546","31","15","3","4","4","5"
"410060","Alto Paraná","PR","14.679","12.255","2.610,30","2.050,30","0","560","0","Sim","560","","","560","","12.055","432","251","87","28","47","19"
"410070","Alto Piquiri","PR","9.896","8.143","4.300,00","4.300,00","0","0","0","Sim","350","350","0","0","","8.140","294,8","107","112,5","30","37","8,3"
"350180","Américo de Campos","SP","5.956","4.998","2.160,00","2.160,00","0","0","0","Sim","140","140","0","0","","2.000","130","70","20","30","5","5"
"410100","Ampére","PR","18.989","15.000","5.710,00","2.500,00","50","3.160,00","0","Sim","3.760,00","500","100","3.160,00","","5.000","145","50","50","30","10","5"
"150080","Ananindeua","PA","525.566","524.273","91.664,00","0","90.360,00","1.304,00","0","Sim","1.304,00","","","1.304,00","","50.000","1.250,00","941","122","50","0","137"
"520110","Anápolis","GO","381.970","375.283","100.406,70","0","100.406,70","0","0","Sim","2.272,00","0","2.272,00","0","","216.000","2.075,00","546,6","228,1","79,5","36,4","1.184,40"
"410110","Andirá","PR","20.139","20.139","4.916,00","4.600,00","0","316","0","Sim","316","","","316","","18.909","314","20","98","98","98","0"
"420100","Anita Garibaldi","SC","7.313","4.053","1.305,00","0","1.300,00","0","5","Sim","420","0","420","0","","1.899","114","38","35","25","8","8"
"420120","Antônio Carlos","SC","8.411","5.500","1.300,00","0","1.300,00","0","0","Sim","264","0","264","0","","2.640","242,4","60","48","56,4","72","6"
"430080","Antônio Prado","RS","13.055","9.395","2.487,00","0","2.487,00","0","0","Sim","425,6","0","425,6","0","","9.395","295","192","80","1,5","8,5","13"
"410140","Apucarana","PR","133.726","129.183","30.360,00","0","28.200,00","2.160,00","0","Sim","2.160,00","","","2.160,00","","100.950","1.080,00","432","324","108","54","162"
"280030","Aracaju","SE","648.939","648.939","216.122,10","0","215.162,00","960,1","0","Sim","1.185,90","197","28,8","960,1","","268.041","1.031,70","856,3","92,9","51,6","30,9","0"
"350320","Araraquara","SP","233.744","228.099","69.425,20","0","60.328,00","5.053,20","4.044,00","Sim","5.053,20","","","5.053,20","","216.000","2.841,70","1.393,60","507,6","243,8","670,3","26,4"
"410170","Araruna","PR","13.939","10.881","3.123,70","2.751,30","0","269","103,4","Sim","372,4","","","269","103,4","10.881","372,3","94,1","151","79,6","5,2","42,4"
"410180","Araucária","PR","141.410","128.000","29.040,00","0","29.040,00","0","0","Sim","1.130,00","0","1.130,00","0","","126.000","869,9","376,1","276,9","114,2","102,7","0"
"330022","Areal","RJ","12.471","12.471","2.477,70","0","2.258,10","219,6","0","Sim","219,6","","","219,6","","5.100","175,7","101,9","38,7","19,3","10,5","5,3"
"350400","Assis","SP","103.666","103.666","27.400,00","25.000,00","0","2.400,00","0","Sim","2.400,00","","","2.400,00","","99.141","1.600,00","800","200","200","200","200"
"410200","Assis Chateaubriand","PR","33.397","29.340","5.840,00","5.840,00","0","0","0","Sim","756","756","0","0","","29.340","375","170","105","42","48","10"
"410210","Astorga","PR","26.011","23.758","1.877,70","917,7","0","960","0","Sim","960","","","960","","23.758","732,5","175,1","169,1","76,6","173,7","138"
"410220","Atalaia","PR","3.902","3.700","1.220,00","970","0","200","50","Sim","200","","","200","","3.338","114","38","32","36","8","0"
"350410","Atibaia","SP","141.398","140.000","42.898,80","0","42.898,80","0","0","Sim","1.762,90","0","1.762,90","0","","52.000","1.400,00","700","200","100","100","300"
"430150","Augusto Pestana","RS","6.706","4.400","792,9","0","792,9","0","0","Sim","92","0","92","0","","3.454","8,3","3","2","2","1,3","0"
"350480","Bálsamo","SP","8.994","8.950","1.600,00","1.600,00","0","0","0","Sim","200","200","0","0","","8.238","153","100","35","4","8","6"
"410240","Bandeirantes","PR","31.526","29.304","7.466,50","7.200,00","0","266,5","0","Sim","266,5","","","266,5","","13.900","219","131","25","7","42","14"
"430170","Barão de Cotegipe","RS","6.627","4.926","900","0","900","0","0","Sim","480","0","480","0","","4.026","102","50","30","20","1","1"
"350520","Bariri","SP","34.961","33.171","9.480,00","0","7.800,00","1.680,00","0","Sim","1.680,00","","","1.680,00","","33.171","140","28","28","28","28","28"
"350530","Barra Bonita","SP","36.127","35.370","7.332,00","3.456,00","3.456,00","420","0","Sim","420","","","420","","35.350","402","166","18","128","60","30"
"330040","Barra Mansa","RJ","183.976","183.976","38.155,00","431,8","36.859,60","863,6","0","Sim","1.295,40","431,8","0","863,6","","92.326","1.121,20","840,6","135,5","26,7","39,9","78,5"
"350570","Barueri","SP","271.306","271.306","95.040,00","0","94.200,00","840","0","Sim","3.840,00","0","3.000,00","840","","271.306","3.072,00","1.660,00","338","338","614","122"
"150140","Belém","PA","1.485.732","1.396.588","349.492,00","0","348.052,00","0","1.440,00","Sim","4.272,00","0","4.272,00","0","","44.571","3.780,50","2.240,00","955,4","341,8","63,2","180,1"
"310680","Bias Fortes","MG","3.430","1.620","183","183","0","0","0","Sim","42,5","42,5","0","0","","695","9,6","3,9","4,5","0,3","0,9","0"
"420240","Blumenau","SC","352.460","345.410","83.545,20","0","81.978,50","1.566,70","0","Sim","5.296,50","0","3.729,80","1.566,70","","150.000","1.566,70","830,1","309,3","115,4","311,9","0"
"410300","Boa Esperança","PR","4.165","3.720","600","600","0","0","0","Sim","70","70","0","0","","1.200","2,5","0,5","1","0,5","0","0,5"
"410302","Boa Esperança do Iguaçu","PR","2.538","875","233","233","0","0","0","Sim","58","58","0","0","","875","31","8","11","2","9","1"
"430220","Boa Vista do Buricá","RS","6.712","5.200","868","16","852","0","0","Sim","140,2","25","115,2","0","","4.458","66,7","18,4","8,1","1,2","4","35"
"410315","Bom Jesus do Sul","PR","3.577","879","568","0","553","15","0","Sim","15","","","15","","879","10","4","3,3","2,7","0","0"
"430235","Bom Princípio","RS","13.846","13.846","1.280,00","0","1.280,00","0","0","Sim","1.176,00","84","1.092,00","0","","10.803","212","63,6","53","42,4","21,2","31,8"
"350730","Boracéia","SP","4.776","4.283","100","60","25","15","0","Sim","60","30","15","15","","4.280","39","10","18","10","0","1"
"350740","Borborema","SP","15.925","15.925","2.020,00","1.290,00","0","730","0","Sim","730","","","730","","14.353","674,7","255","109,5","182,5","73","54,7"
"290420","Botuporã","BA","10.300","4.543","470","420","0","50","0","Sim","50","0","0","50","","3.764","30,5","20","4","2","4,5","0"
"410337","Brasilândia do Sul","PR","2.719","1.897","410","260","0","150","0","Sim","154","4","0","150","","1.847","105,7","55,6","4,1","8","8","30"
"530010","Brasília","DF","2.974.703","2.895.077","829.233,50","0","825.178,50","4.055,00","0","Sim","28.548,80","0","24.493,80","4.055,00","","1.493.913","17.142,80","8.923,60","5.142,60","1.474,30","1.338,80","263,5"
"420290","Brusque","SC","131.703","131.000","31.415,00","0","31.315,00","0","100","Sim","1.742,00","0","1.642,00","0","100","127.000","1.000,00","250","250","250","250","0"
"350800","Buri","SP","19.789","15.982","4.817,00","4.380,00","0","437","0","Sim","437","","","437","","6.750","340","238","51","17","0","34"
"410345","Cafelândia","PR","17.775","17.775","3.024,00","2.496,00","0","528","0","Sim","528","0","0","528","","14.970","480","194","104","107","58","17"
"410347","Cafezal do Sul","PR","4.080","3.162","500","500","0","0","0","Sim","150","150","0","0","","3.162","113","25","10","40","8","30"
"350925","Cajati","SP","28.605","28.033","5.413,40","4.274,00","794,2","345,2","0","Sim","345,2","","","345,2","","20.880","220,6","117,7","40,9","38,9","23,1","0"
"410350","Califórnia","PR","8.533","5.000","1.320,00","1.320,00","0","0","0","Sim","336","336","0","0","","5.000","210","30","70","80","30","0"
"410370","Cambé","PR","105.704","102.900","48.813,60","41.650,00","5.550,00","1.613,60","0","Sim","1.613,60","","","1.613,60","","40.000","1.241,30","571,3","351,9","149,1","143,1","25,9"
"410380","Cambira","PR","7.813","5.871","1.520,00","1.320,00","0","200","0","Sim","200","","","200","","5.871","150","60","35","30","20","5"
"430390","Campo Bom","RS","66.156","66.156","13.600,00","0","13.600,00","0","0","Sim","13.600,00","0","13.600,00","0","","63.143","1.237,90","482,2","429,1","143,6","159","24"
"500270","Campo Grande","MS","885.711","876.854","286.120,40","0","286.120,40","0","0","Sim","6.387,90","0","6.387,90","0","","491.528","2.281,60","1.323,90","619,8","109,1","124,5","104,3"
"110070","Campo Novo de Rondônia","RO","14.009","3.729","346","0","323","0","23","Sim","60","60","0","0","","1.200","24","10","3","10","0","1"
"290660","Candiba","BA","14.268","3.400","1.945,00","0","1.900,00","45","0","Sim","45","0","0","45","","3.000","38","21","12","4","0","1"
"351000","Cândido Mota","SP","31.212","31.000","6.996,80","6.320,00","0","676,8","0","Sim","676,8","","","676,8","","12.480","564","372","60","72","50","10"
"420380","Canoinhas","SC","54.319","51.306","4.200,00","0","3.500,00","700","0","Sim","1.400,00","0","700","700","","16.200","167,2","54","16","45,6","51,6","0"
"410450","Capanema","PR","19.099","11.495","1.836,00","0","1.836,00","0","0","Sim","468","0","468","0","","11.495","350","100","150","80","0","20"
"430463","Capão da Canoa","RS","52.004","52.004","18.344,70","0","15.985,20","2.359,50","0","Sim","2.359,50","0","0","2.359,50","","51.691","2.083,80","425,2","295,8","1.187,10","175,7","0"
"410460","Capitão Leônidas Marques","PR","15.724","12.069","2.870,00","2.870,00","0","0","0","Sim","540","540","0","0","","12.068","270","85,1","80,4","34,1","8,1","62,3"
"351050","Caraguatatuba","SP","119.625","119.600","43.888,00","0","43.888,00","0","0","Sim","700","0","700","0","","90.000","611,2","304","280","14","12","1,2"
"430470","Carazinho","RS","61.949","60.838","14.842,00","4.642,00","10.150,00","50","0","Sim","1.750,00","0","1.700,00","50","","30.000","1.700,00","700","700","290","10","0"
"311410","Carmo de Minas","MG","14.769","10.944","1.850,00","1.850,00","0","0","0","Sim","540","540","0","0","","10.944","263,8","58,7","146,8","14,6","29,3","14,4"
"320140","Castelo","ES","37.317","32.535","3.925,00","1.517,00","1.253,00","1.155,00","0","Sim","1.155,00","","","1.155,00","","22.535","1.014,00","601","155","131","95","32"
"420415","Celso Ramos","SC","2.738","1.500","324","0","324","0","0","Sim","324","0","324","0","","680","112","30","31,2","28","10,8","12"
"520540","Ceres","GO","22.074","21.081","8.976,00","8.712,00","264","0","0","Sim","264","0","264","0","","18.973","260,6","210","48","2,6","0","0"
"420419","Chapadão do Lageado","SC","2.969","551","90,5","90,5","0","0","0","Sim","30","30","0","0","","548","19","3","2","11","2","1"
"500295","Chapadão do Sul","MS","24.559","20.970","9.263,00","9.263,00","0","0","0","Sim","3.942,00","3.942,00","0","0","","20.970","555,3","133,4","50,7","13,2","354,6","3,4"
"420420","Chapecó","SC","216.654","198.454","68.036,00","0","65.521,00","0","2.515,00","Sim","6.168,00","0","6.168,00","0","","198.454","3.704,00","1.000,00","604","900","1.000,00","200"
"430540","Chiapetta","RS","3.794","3.110","462","462","0","0","0","Sim","182","182","0","0","","1.100","112","26","58","10","3","15"
"311660","Cláudio","MG","28.366","23.634","5.177,20","67,2","5.110,00","0","0","Sim","67,2","67,2","0","0","","23.284","66,7","32,9","17,7","6","8,6","1,5"
"510320","Colíder","MT","33.224","27.012","6.490,00","6.490,00","0","0","0","Sim","1.151,00","1.151,00","0","0","","27.012","633","348","202","83","0","0"
"410590","Colorado","PR","23.879","22.447","5.280,00","4.320,00","0","960","0","Sim","960","","","960","","7.000","950","380","110","100","100","260"
"351220","Conchal","SP","27.820","26.986","9.292,00","0","9.292,00","0","0","Sim","190","190","0","0","","26.287","180","40","25","75","25","15"
"351230","Conchas","SP","17.770","14.500","4.880,00","4.500,00","0","380","0","Sim","380","0","0","380","","7.000","110,3","33,5","40,8","22","1,7","12,3"
"351240","Cordeirópolis","SP","24.221","23.221","3.291,00","0","3.285,00","6","0","Sim","194","0","188","6","","10.000","184","135","19","24","4","2"
"311970","Coronel Xavier Chaves","MG","3.426","3.392","510,7","259,2","251,5","0","0","Sim","259,2","259,2","0","0","","1.868","78","22","27","6","21","2"
"351270","Corumbataí","SP","4.047","2.186","700","700","0","0","0","Sim","100","100","0","0","","2.186","90","40","20","10","10","10"
"500325","Costa Rica","MS","20.496","17.533","5.916,00","0","5.916,00","0","0","Sim","828","0","828","0","","17.533","783","189","220","275","21","78"
"351330","Cruzália","SP","2.100","2.100","649","579","70","0","0","Sim","70","0","70","0","","1.394","68","20","18","15","6","9"
"430613","Cruzaltense","RS","1.870","427","230","230","0","0","0","Sim","230","230","0","0","","427","88","25","30","15","15","3"
"410660","Cruzeiro do Oeste","PR","20.917","18.101","3.798,60","3.303,40","0","495,2","0","Sim","495,2","","","495,2","","18.101","412,7","156,6","153,1","52,5","3,7","46,8"
"351350","Cubatão","SP","129.760","129.760","30.324,70","0","29.697,20","627,5","0","Sim","1.008,70","0","381,2","627,5","","129.760","807","366","244","147","50","0"
"510340","Cuiabá","MT","607.153","591.033","171.390,60","0","166.096,40","5.294,20","0","Sim","5.294,20","0","0","5.294,20","","35.000","2.649,00","2.236,00","369","14","0","30"
"410690","Curitiba","PR","1.917.185","1.917.185","491.557,40","0","491.557,40","0","0","Sim","21.034,00","0","21.034,00","0","","1.917.185","10.260,00","2.396,00","1.709,00","3.521,00","2.240,00","394"
"410710","Diamante do Norte","PR","5.146","4.800","840","0","840","0","0","Sim","128","0","128","0","","240","127","70","35","15","7","0"
"312160","Diamantina","MG","47.617","45.712","7.567,00","0","7.498,00","69","0","Sim","69","","","69","","10.000","47","35","12","0","0","0"
"351410","Dois Córregos","SP","27.112","25.672","5.210,00","4.900,00","0","310","0","Sim","310","","","310","","10.000","300","160","50","70","20","0"
"410720","Dois Vizinhos","PR","40.234","40.234","8.148,00","0","7.716,00","432","0","Sim","1.507,00","0","1.075,00","432","","31.244","1.280,00","345","537","102","102","194"
"410725","Douradina","PR","8.621","6.335","3.900,00","3.900,00","0","0","0","Sim","250","250","0","0","","5.935","245","115","80","22","24","4"
"430673","Doutor Maurício Cardoso","RS","4.639","2.287","702,9","0","702,9","0","0","Sim","100","0","100","0","","2.287","1","0","0","0","0","1"
"351440","Dracena","SP","46.536","42.973","19.450,00","18.250,00","0","1.200,00","0","Sim","1.200,00","","","1.200,00","","42.973","852","372","297","70","108","5"
"351500","Embu das Artes","SP","270.843","270.843","32.628,80","0","32.618,80","10","0","Sim","809","0","799","10","","25.000","795,2","404,8","57,4","40,1","292,9","0"
"430690","Encruzilhada do Sul","RS","25.791","20.000","3.725,00","288","3.432,00","5","0","Sim","5","0","0","5","","3.000","2,5","0,3","0,6","1","0,4","0,2"
"410753","Entre Rios do Oeste","PR","4.481","2.965","965","0","960","5","0","Sim","645,5","500","140,5","5","","2.965","145,5","54","45","15,5","6","25"
"430700","Erechim","RS","105.059","102.200","39.792,00","1.500,00","38.292,00","0","0","Sim","16.000,00","0","16.000,00","0","","98.270","2.229,00","1.030,00","540","89","405","165"
"430730","Erval Seco","RS","7.040","3.100","640","0","640","0","0","Sim","627,7","20","607,7","0","","2.651","73,1","27,5","28,7","6,4","10,5","0"
"410754","Espigão Alto do Iguaçu","PR","4.188","1.474","278,6","278,6","0","0","0","Sim","47,6","47,6","0","0","","1.274","29,5","15,3","12,9","0,5","0,8","0"
"351518","Espírito Santo do Pinhal","SP","44.186","39.270","9.873,20","9.509,00","0","364,2","0","Sim","364,2","","","364,2","","39.256","312,4","124","77,9","43,2","47,2","20,1"
"351519","Espírito Santo do Turvo","SP","4.779","4.348","928","0","880","0","48","Sim","234,4","191,9","0","0","42,5","4.088","231,4","59,5","34,6","69,3","44,2","23,8"
"430760","Estância Velha","RS","49.345","48.000","8.480,00","0","8.000,00","480","0","Sim","2.880,00","0","2.400,00","480","","48.000","480","178","153","28","74","47"
"230428","Eusébio","CE","52.880","52.880","22.360,80","0","22.119,60","241,2","0","Sim","241,2","","","241,2","","30.660","238,9","145,5","18,1","23,5","27,6","24,2"
"351540","Fartura","SP","16.001","12.776","4.908,00","4.908,00","0","0","0","Sim","390","390","0","0","","12.776","388","167","124","60","29","8"
"430805","Faxinalzinho","RS","2.346","1.550","460","0","460","0","0","Sim","193","0","193","0","","1.130","12","6","2","1","1","2"
"430810","Feliz","RS","13.451","13.416","2.534,90","0","2.534,90","0","0","Sim","2.534,90","0","2.534,90","0","","10.240","458,9","137,4","114,5","92","46","69"
"351565","Fernão","SP","1.704","1.460","285","285","0","0","0","Sim","21","21","0","0","","900","14","5","5","1","2","1"
"420550","Fraiburgo","SC","36.299","31.822","6.809,80","0","6.809,80","0","0","Sim","333,4","0","333,4","0","","31.788","321,1","71,2","100,8","90","58,1","1"
"351620","Franca","SP","350.400","344.248","81.235,00","0","78.898,00","0","2.337,00","Sim","3.233,00","0","3.233,00","0","","344.217","1.838,00","878","331","113","463","53"
"410840","Francisco Beltrão","PR","89.942","89.941","18.812,20","14.055,40","0","4.756,80","0","Sim","4.881,60","124,8","0","4.756,80","","76.840","2.597,70","1.641,50","273","155,3","527,9","0"
"410910","Guaporema","PR","2.246","2.246","160","160","0","0","0","Sim","95","95","0","0","","1.297","61,2","45,5","9,5","3,5","2,2","0,5"
"351780","Guaraçaí","SP","8.357","7.000","2.000,00","2.000,00","0","0","0","Sim","220","220","0","0","","3.500","130","40","30","30","3","27"
"351800","Guarani D Oeste","SP","2.002","1.763","380","300","0","0","80","Sim","150","70","0","0","80","850","45","15","10","8","6","6"
"410960","Guaratuba","PR","36.595","36.595","18.470,00","0","18.150,00","320","0","Sim","426","0","106","320","","32.844","358,2","103,7","104,4","93,8","31,6","24,7"
"520970","Hidrolândia","GO","21.278","12.805","3.900,00","3.800,00","0","100","0","Sim","100","","","100","","12.800","90","52","18","10","0","10"
"430960","Horizontina","RS","19.267","15.299","3.650,00","0","3.650,00","0","0","Sim","3.650,00","0","3.650,00","0","","15.299","82","52,7","23","1,3","0","5"
"351907","Hortolândia","SP","227.353","227.353","54.168,40","0","53.358,40","810","0","Sim","1.490,00","0","680","810","","40.000","1.049,00","478,4","203,2","221,5","109,2","36,7"
"351910","Iacanga","SP","11.559","11.262","3.791,00","3.791,00","0","0","0","Sim","160","160","0","0","","10.073","94,4","51,7","12,7","19,6","8","2,4"
"312940","Ibertioga","MG","5.033","5.033","306,2","306,2","0","0","0","Sim","306,1","306,1","0","0","","3.455","94","43,3","13,4","31,4","5,9","0"
"312980","Ibirité","MG","179.015","163.490","24.222,70","23.907,10","0","315,6","0","Sim","315,6","0","0","315,6","","20.655","189,4","130,3","49","0","10,1","0"
"431000","Ibirubá","RS","20.284","16.116","3.640,00","0","3.640,00","0","0","Sim","1.500,00","0","1.500,00","0","","15.342","419","168","49","87","115","0"
"352044","Ilha Solteira","SP","26.582","26.582","5.447,20","4.971,80","0","475,4","0","Sim","475,4","","","475,4","","24.944","430,2","200,4","89,6","4,2","58","78"
"280280","Indiaroba","SE","17.761","11.200","3.028,40","0","2.880,00","148,4","0","Sim","148,4","0","0","148,4","","6.266","109,4","18,8","18,8","46","18,8","7"
"352090","Ipaussu","SP","14.869","14.869","14.000,00","8.000,00","0","6.000,00","0","Sim","9.700,00","3.700,00","0","6.000,00","","13.699","7,5","3","2","1","1","0,5"
"431046","Ipiranga do Sul","RS","1.899","1.000","168","0","168","0","0","Sim","3,1","0","3,1","0","","663","2,9","0,5","0,2","0,6","0,8","0,8"
"411060","Iporã","PR","14.073","13.400","3.450,00","3.450,00","0","0","0","Sim","2.200,00","2.200,00","0","0","","11.060","95","47","29","9","10","0"
"420765","Iporã do Oeste","SC","8.945","4.385","1.440,00","0","1.440,00","0","0","Sim","1.440,00","0","1.440,00","0","","4.385","288","90,7","108,3","23","27,4","38,6"
"352140","Iracemápolis","SP","23.846","23.354","5.490,00","0","5.490,00","0","0","Sim","3.600,00","3.600,00","0","0","","5.700","1.720,00","150","150","200","300","920"
"352170","Itaberá","SP","17.635","16.500","2.080,00","2.000,00","0","80","0","Sim","160","80","0","80","","11.987","144","106","20","10","8","0"
"411090","Itaguajé","PR","4.487","3.572","1.650,00","1.050,00","0","600","0","Sim","600","","","600","","3.500","162","55","45","35","20","7"
"411095","Itaipulândia","PR","10.961","10.961","2.055,00","0","0","2.055,00","0","Sim","2.055,00","","","2.055,00","","5.757","702,3","350,2","230,5","1,2","71,7","48,7"
"420820","Itajaí","SC","215.895","204.214","70.171,00","0","68.564,90","1.606,10","0","Sim","3.353,70","0","1.747,60","1.606,10","","204.214","2.028,10","451,2","256","893,5","426,2","1,2"
"352190","Itajobi","SP","15.226","12.500","4.428,10","4.126,10","0","0","302","Sim","302","302","0","0","","12.500","273","92","63","39","62","17"
"352210","Itanhaém","SP","100.496","100.496","37.372,60","0","37.215,60","157","0","Sim","157","","","157","","3.000","133,1","66,3","19,3","16,4","26,3","4,8"
"313310","Itanhandu","MG","15.236","15.236","4.307,00","3.232,00","0","1.075,00","0","Sim","1.175,00","100","0","1.075,00","","1.000","1.075,00","350","300","100","200","125"
"313350","Itapecerica","MG","21.763","20.000","6.540,00","3.000,00","3.000,00","172","368","Sim","872","500","150","172","50","16.801","500","120","100","120","60","100"
"352220","Itapecerica da Serra","SP","173.672","170.650","49.718,80","0","49.022,80","696","0","Sim","696","0","0","696","","25.000","492","162","112","133","85","0"
"330220","Itaperuna","RJ","102.626","95.500","49.400,00","0","47.000,00","2.400,00","0","Sim","2.400,00","0","0","2.400,00","","20.000","243","100","60","40","20","23"
"352240","Itapeva","SP","93.892","88.000","40.550,00","38.800,00","0","1.750,00","0","Sim","1.750,00","","","1.750,00","","15.600","401,6","308,3","26,7","6,5","3,2","56,9"
"352260","Itapira","SP","74.299","74.000","17.777,00","0","17.280,00","497","0","Sim","497","","","497","","68.000","444,7","235","70,2","58,9","75,8","4,8"
"500460","Itaquiraí","MS","20.905","8.535","2.286,50","0","2.286,50","0","0","Sim","205","0","205","0","","1.300","198","79","49","60","2","8"
"352360","Itirapina","SP","17.922","17.920","9.527,00","9.400,00","0","127","0","Sim","127","","","127","","16.160","126,7","72,9","32,2","0","0","21,6"
"352390","Itu","SP","172.268","172.268","54.156,80","0","51.420,80","2.736,00","0","Sim","5.472,00","0","2.736,00","2.736,00","","161.229","4.560,00","1.400,00","1.200,00","794","250","916"
"411155","Ivaté","PR","8.128","5.661","1.350,00","1.350,00","0","0","0","Sim","190","190","0","0","","5.661","176","66","48","14","15","33"
"313490","Jacutinga","MG","25.684","22.780","7.095,40","6.357,60","0","737,8","0","Sim","737,8","","","737,8","","10.755","631,5","378,9","94,7","119,9","38","0"
"411190","Jaguapitã","PR","13.494","11.457","3.030,00","2.630,00","400","0","0","Sim","400","0","400","0","","11.457","362","114","101","98","27","22"
"431100","Jaguarão","RS","26.869","25.112","4.980,00","0","4.700,00","280","0","Sim","280","","","280","","13.000","272","30","16","40","96","90"
"352470","Jaguariúna","SP","56.221","54.599","15.797,50","0","14.866,00","931,5","0","Sim","931,5","","","931,5","","43.033","791,4","411,7","158","63,3","150,4","8"
"352480","Jales","SP","49.011","46.120","15.088,30","0","14.513,40","574,9","0","Sim","574,9","","","574,9","","45.000","572,9","405,8","63,2","67,7","36,2","0"
"411210","Jandaia do Sul","PR","21.122","21.122","5.412,00","4.950,00","0","462","0","Sim","462","","","462","","19.102","420","85","140","150","25","20"
"411220","Janiópolis","PR","5.400","5.292","722","672","0","50","0","Sim","350","300","0","50","","1.600","145","30","30","30","50","5"
"411240","Japurá","PR","9.349","9.010","3.300,50","3.000,00","300","0,5","0","Sim","300,5","0","300","0,5","","8.100","270","90","50","60","45","25"
"500500","Jardim","MS","25.967","25.100","22.030,00","0","22.000,00","30","0","Sim","46","0","16","30","","10.000","35","23","8","3","1","0"
"313540","Jeceaba","MG","4.973","4.512","574,1","574,1","0","0","0","Sim","226,1","226,1","0","0","","2.754","169,5","71,8","64,4","10,1","23,2","0"
"420900","Joaçaba","SC","29.827","27.513","8.000,00","0","8.000,00","0","0","Sim","8.118,60","0","8.118,60","0","","27.513","5.000,00","1.000,00","3.000,00","1.000,00","0","0"
"420910","Joinville","SC","583.144","583.140","150.887,00","0","146.736,00","0","4.151,00","Sim","9.348,00","0","9.348,00","0","","563.410","5.532,00","2.241,60","1.138,50","479,5","1.656,40","16"
"291840","Juazeiro","BA","215.183","210.683","66.837,90","0","66.432,00","405,9","0","Sim","405,9","","","405,9","","15.000","377,4","117,5","227,1","32,8","0","0"
"313720","Lagoa da Prata","MG","51.601","50.427","11.226,80","9.726,60","0","1.500,20","0","Sim","1.500,20","","","1.500,20","","20.000","1.500,00","633,6","198,2","40,6","41,8","585,8"
"313760","Lagoa Santa","MG","63.359","61.200","15.736,00","0","14.821,00","915","0","Sim","915","0","0","915","","44.000","333","235","37","32","29","0"
"352630","Lagoinha","SP","4.903","3.178","300","300","0","0","0","Sim","200","200","0","0","","1.500","80","80","0","0","0","0"
"500525","Laguna Carapã","MS","7.267","3.064","1.200,00","1.200,00","0","0","0","Sim","120","120","0","0","","3.064","80","40","20","15","5","0"
"291920","Lauro de Freitas","BA","195.095","193.314","82.100,00","0","82.100,00","0","0","Sim","2.178,00","0","2.178,00","0","","29.300","1.960,00","1.025,00","348","174","240","173"
"352710","Lins","SP","77.510","76.734","22.900,00","0","22.900,00","0","0","Sim","900","900","0","0","","15.320","818,5","450","118,7","127,3","111,8","10,7"
"411370","Londrina","PR","563.943","549.273","138.368,80","0","128.977,70","9.391,10","0","Sim","9.391,10","","","9.391,10","","549.273","7.316,20","3.362,00","1.608,80","616,4","1.729,00","0"
"352720","Lorena","SP","88.276","85.748","16.324,90","0","16.151,90","173","0","Sim","173","","","173","","17.150","124,3","62,2","43,5","7,1","10,9","0,6"
"352750","Lucianópolis","SP","2.385","2.371","540","540","0","0","0","Sim","60","60","0","0","","1.888","40,4","16,8","11,5","6,4","5,7","0"
"411380","Lupionópolis","PR","4.894","4.347","880","880","0","0","0","Sim","135","135","0","0","","4.300","35","20","5","5","5","0"
"313910","Madre de Deus de Minas","MG","5.087","4.757","340","340","0","0","0","Sim","112,1","112,1","0","0","","1.850","74,2","28,2","23","11","9","3"
"411400","Mamborê","PR","13.252","8.925","3.335,00","2.971,00","0","364","0","Sim","364","","","364","","8.528","335","200","80","55","0","0"
"130260","Manaus","AM","2.145.444","2.102.665","590.770,90","0","580.412,70","10.358,20","0","Sim","11.386,10","0","1.027,90","10.358,20","","397.844","10.145,10","5.737,40","2.953,20","1.447,30","0","7,2"
"352860","Manduri","SP","9.780","8.460","2.057,30","1.825,00","0","232,3","0","Sim","232,3","","","232,3","","8.200","220","46,1","67,3","69,1","28,2","9,3"
"411450","Manoel Ribas","PR","13.494","6.973","1.847,80","1.847,80","0","0","0","Sim","106,7","106,7","0","0","","6.793","89,9","50,3","35,1","0","0","4,5"
"500540","Maracaju","MS","45.932","39.570","10.920,00","10.920,00","0","0","0","Sim","161,9","161,9","0","0","","39.570","139,6","88,1","24,2","0,1","27,2","0"
"431180","Marau","RS","43.435","43.435","8.496,00","0","8.496,00","0","0","Sim","8.496,00","0","8.496,00","0","","37.694","947,5","242,7","397,4","116","181,4","10"
"431190","Marcelino Ramos","RS","4.488","3.580","1.310,00","0","1.310,00","0","0","Sim","310","10","300","0","","2.141","240","90","75","45","0","30"
"411460","Marechal Cândido Rondon","PR","52.379","43.796","10.588,00","639","8.343,00","1.606,00","0","Sim","1.606,00","0","0","1.606,00","","43.796","1.320,40","620,7","334,2","99,7","265,8","0"
"320335","Marilândia","ES","12.700","12.000","1.873,00","1.873,00","0","0","0","Sim","1.873,00","1.873,00","0","0","","3.229","170","170","0","0","0","0"
"411520","Maringá","PR","417.010","399.376","104.007,90","35.304,50","68.703,40","0","0","Sim","3.391,20","3.391,20","0","0","","395.812","1.926,00","674,5","0","0","1.251,50","0"
"411535","Maripá","PR","5.624","3.228","550","0","550","0","0","Sim","300","0","300","0","","3.228","177","60","55","30","22","10"
"352920","Martinópolis","SP","26.289","22.080","9.095,00","8.395,00","0","700","0","Sim","700","","","700","","15.000","544","191","61","59","64","169"
"521290","Marzagão","GO","2.223","2.223","504,7","454,7","0","0","50","Sim","50","40","0","0","10","1.935","45","10","10","10","10","5"
"352940","Mauá","SP","468.148","468.148","109.440,50","0","109.126,10","314,4","0","Sim","314,4","0","0","314,4","","50.000","299,5","200,7","31,4","51,9","7,2","8,3"
"411580","Medianeira","PR","45.812","40.962","13.956,00","0","13.320,00","636","0","Sim","636","","","636","","40.962","635,8","426,1","120,8","38,1","12,7","38,1"
"411585","Mercedes","PR","5.493","3.482","1.459,00","0","1.459,00","0","0","Sim","1.452,00","0","1.452,00","0","","2.601","93","93","0","0","0","0"
"411590","Mirador","PR","2.231","1.514","323","323","0","0","0","Sim","34","34","0","0","","1.514","32","9","9","9","2","3"
"431230","Miraguaí","RS","4.824","3.256","341","0","341","0","0","Sim","341","0","341","0","","1.000","39","15","15","4","5","0"
"411605","Missal","PR","10.700","5.537","2.058,40","1.728,00","0","330,4","0","Sim","330,4","","","330,4","","5.537","294,1","144","73","30,3","44,7","2,1"
"353060","Mogi das Cruzes","SP","440.769","406.140","117.971,00","0","117.971,00","0","0","Sim","2.660,80","0","2.660,80","0","","406.140","1.863,60","1.268,40","243,1","156,9","168,4","26,8"
"353070","Mogi Guaçu","SP","150.713","143.081","39.089,80","38.512,00","0","577,8","0","Sim","577,8","","","577,8","","2.750","395,8","179,4","79,8","66,7","57,4","12,5"
"353130","Monte Alto","SP","50.216","47.956","12.198,00","12.000,00","0","198","0","Sim","198","","","198","","25.600","173,5","26","55","63","6,5","23"
"353150","Monte Azul Paulista","SP","19.050","17.824","4.887,70","0","4.467,70","420","0","Sim","420","","","420","","8.000","380","190","42","90","8","50"
"431238","Monte Belo do Sul","RS","2.564","739","312","0","312","0","0","Sim","150","0","150","0","","739","82","60","8","12","2","0"
"314310","Monte Carmelo","MG","47.682","47.682","15.733,00","15.703,00","0","30","0","Sim","30","","","30","","13.000","24","16","5","2","0,5","0,5"
"431240","Montenegro","RS","64.788","51.830","13.610,00","0","13.610,00","0","0","Sim","1.140,00","0","1.140,00","0","","46.783","82","47","28,5","6,5","0","0"
"353190","Morro Agudo","SP","32.641","31.286","6.750,00","0","6.480,00","270","0","Sim","270","","","270","","10.000","247","68,5","39,5","45","31,1","62,9"
"353200","Morungaba","SP","13.458","12.112","3.837,00","3.350,00","0","487","0","Sim","487","","","487","","10.344","379","111","42","27","107","92"
"411630","Munhoz de Melo","PR","3.958","3.206","716,9","479,3","0","237,6","0","Sim","237,6","0","0","237,6","","3.206","228,5","44,4","15,6","24","19,2","125,3"
"240810","Natal","RN","877.640","867.986","265.659,30","69.351,00","173.623,40","3.153,30","19.531,60","Sim","3.153,30","","","3.153,30","","114.118","2.633,00","1.472,60","526,6","211,3","422,5","0"
"314450","Nazareno","MG","8.555","8.000","1.400,00","1.400,00","0","0","0","Sim","1.760,00","1.760,00","0","0","","6.503","253,8","83,3","80,1","34,1","16","40,3"
"353260","Nhandeara","SP","11.427","9.284","2.400,00","2.400,00","0","0","0","Sim","12","12","0","0","","7.325","4","1","1","1","0","1"
"330330","Niterói","RJ","511.786","511.786","157.701,50","0","136.967,20","1.969,40","18.764,90","Sim","2.729,80","308,4","0","1.969,40","452","207.910","1.969,40","1.403,60","287,1","165","34,3","79,4"
"431270","Nonoai","RS","11.760","9.200","1.740,00","0","1.740,00","0","0","Sim","1.740,00","0","1.740,00","0","","8.800","245,9","77,1","85,6","22,3","59,9","1"
"431275","Nova Alvorada","RS","3.586","1.501","828,2","0","828,2","0","0","Sim","414,1","0","414,1","0","","1.501","104","2","59","26","2","15"
"411670","Nova Aurora","PR","10.650","8.114","2.000,00","2.000,00","0","0","0","Sim","678,2","678,2","0","0","","4.057","271,2","134,9","80,3","17,3","28,8","9,9"
"353284","Nova Canaã Paulista","SP","1.911","1.116","154","154","0","0","0","Sim","24","24","0","0","","794","1","1","0","0","0","0"
"431301","Nova Candelária","RS","2.710","698","385,1","0","385,1","0","0","Sim","445,1","60","385,1","0","","698","24,7","17,3","4,1","2","1,3","0"
"411690","Nova Esperança","PR","27.821","25.425","6.283,30","5.400,00","0","883,3","0","Sim","883,3","","","883,3","","25.425","720","313,2","185,7","106,5","10,2","104,4"
"411695","Nova Esperança do Sudoeste","PR","5.063","1.732","460","64","396","0","0","Sim","198","64","134","0","","1.732","96","29","26","13","22","6"
"330350","Nova Iguaçu","RJ","818.875","794.793","191.019,00","0","189.719,00","1.300,00","0","Sim","1.300,00","0","0","1.300,00","","90.000","131,5","32","40","55","3","1,5"
"411710","Nova Londrina","PR","13.225","12.812","3.131,80","2.747,50","0","384,3","0","Sim","1.758,00","1.373,70","0","384,3","","12.000","384,3","94,9","112,4","43,1","28,4","105,5"
"510622","Nova Mutum","MT","43.919","42.000","13.050,20","12.308,20","0","742","0","Sim","742","","","742","","35.693","421,2","307,5","103","6,6","0","4,1"
"411720","Nova Olímpia","PR","5.785","4.925","300","300","0","0","0","Sim","220","220","0","0","","4.925","210","84","31,5","63","31,5","0"
"431320","Nova Petrópolis","RS","21.156","21.156","4.707,00","0","4.707,00","0","0","Sim","2.791,00","0","2.791,00","0","","15.701","714","136","468","50","60","0"
"320390","Nova Venécia","ES","49.780","40.780","18.000,00","14.500,00","0","3.500,00","0","Sim","18.000,00","14.500,00","0","3.500,00","","20.754","3.280,00","570","470","560","780","900"
"260960","Olinda","PE","391.835","390.771","113.581,50","0","112.666,30","915,2","0","Sim","915,2","","","915,2","","22.313","732,2","403,2","176,9","79,8","27,8","44,5"
"314560","Oliveira","MG","41.529","39.850","11.680,00","11.400,00","0","280","0","Sim","282","2","0","280","","11.500","238","65","72","76","22","3"
"353460","Osvaldo Cruz","SP","32.754","29.392","8.310,00","6.960,00","0","1.350,00","0","Sim","1.350,00","","","1.350,00","","29.392","392,7","122,1","71,2","9,2","44,1","146,1"
"421175","Otacílio Costa","SC","18.510","16.872","3.338,40","0","3.233,50","104,9","0","Sim","104,9","","","104,9","","4.500","74,9","20,7","8","18","24","4,2"
"353470","Ourinhos","SP","112.711","109.800","24.295,00","21.535,00","0","2.760,00","0","Sim","2.760,00","","","2.760,00","","54.900","1.313,00","700","300","63","180","70"
"314590","Ouro Branco","MG","39.121","39.121","8.173,80","2.805,30","4.918,50","450","0","Sim","450","","","450","","15.000","385,4","282,2","59,8","9,1","18,2","16,1"
"353480","Ouro Verde","SP","8.503","7.823","100","0","0","100","0","Sim","100","","","100","","7.823","80","20","10","10","20","20"
"521550","Ouvidor","GO","6.549","5.762","2.923,00","2.923,00","0","0","0","Sim","282,3","282,3","0","0","","5.762","240","57","119","64","0","0"
"314650","Pains","MG","8.270","7.500","2.390,00","1.920,00","0","470","0","Sim","470","","","470","","6.819","412","150","40","205","12","5"
"431370","Palmeira das Missões","RS","33.481","31.481","6.818,00","0","6.768,00","50","0","Sim","6.818,00","0","6.768,00","50","","29.095","264,4","129,6","33,7","37,5","63,6","0"
"150550","Paragominas","PA","111.764","95.618","18.925,00","0","18.925,00","0","0","Sim","409,7","409,7","0","0","","25.000","110,2","12,1","61,5","36,5","0,1","0"
"431400","Paraí","RS","7.585","4.249","1.233,00","0","1.233,00","0","0","Sim","522,3","0","522,3","0","","4.249","107","44","30","17","16","0"
"314730","Paraisópolis","MG","20.940","20.940","2.394,00","2.394,00","0","0","0","Sim","2.394,00","2.394,00","0","0","","17.277","177,2","57,9","43,4","36,4","32,8","6,7"
"411820","Paranaguá","PR","153.666","148.105","34.889,40","1.860,00","32.029,40","1.000,00","0","Sim","3.000,00","0","2.000,00","1.000,00","","65.000","1.782,00","623,7","712,8","267,3","178,2","0"
"411840","Paranavaí","PR","87.813","81.982","23.742,50","0","22.926,70","0","815,8","Sim","2.661,80","0","2.661,80","0","","79.473","1.565,40","982,2","424,7","6,4","104,2","47,9"
"431407","Passo do Sobrado","RS","6.493","1.478","658,4","0","476,9","131,5","50","Sim","131,5","","","131,5","","1.478","107,5","81,7","7,2","13,8","4,8","0"
"353630","Patrocínio Paulista","SP","14.529","11.734","3.486,00","673","2.813,00","0","0","Sim","673","673","0","0","","11.734","519","207","181","33","60","38"
"411880","Peabiru","PR","13.985","11.301","2.116,80","571,5","1.508,40","36,9","0","Sim","608,4","571,5","0","36,9","","10.735","36,9","10,9","12,1","2,2","9,5","2,2"
"314910","Pedralva","MG","11.246","7.115","1.765,00","1.629,00","0","0","136","Sim","880","744","0","0","136","5.456","138","34","51","24","23","6"
"353710","Pedreira","SP","47.361","46.963","10.280,00","3.120,00","6.240,00","920","0","Sim","920","","","920","","21.700","840","210","180","300","100","50"
"353715","Pedrinhas Paulista","SP","3.085","2.602","570","500","0","70","0","Sim","70","0","0","70","","2.602","68","24","17","8","17","2"
"411890","Pérola","PR","11.144","8.810","2.034,90","0","2.034,90","0","0","Sim","600,9","0","600,9","0","","8.805","436,9","87,4","87,4","109,2","17,5","135,4"
"330390","Petrópolis","RJ","305.687","304.110","102.881,10","0","102.209,50","0","671,6","Sim","750,8","671,6","0","0","79,2","23.540","671,6","204,5","130,9","37,8","132,4","166"
"110018","Pimenta Bueno","RO","36.434","33.000","7.800,00","0","7.800,00","0","0","Sim","240","0","240","0","","4.000","3","1","1","0","0","1"
"353800","Pindamonhangaba","SP","166.475","166.475","37.676,20","0","37.676,20","0","0","Sim","527,9","0","527,9","0","","90.000","329","181","57","12","69","10"
"431445","Pinhal","RS","2.577","1.323","206","0","206","0","0","Sim","206","0","206","0","","1.323","40","8","8","10","8","6"
"411920","Pinhalão","PR","6.327","5.000","857","737","120","0","0","Sim","120","0","120","0","","2.000","70","30","25","10","5","0"
"421290","Pinhalzinho","SC","19.906","19.900","4.570,00","850","3.720,00","0","0","Sim","380","380","0","0","","16.590","80","40","40","0","0","0"
"411930","Pinhão","PR","32.219","16.337","3.433,00","3.068,00","0","0","365","Sim","2.325,00","1.960,00","0","0","365","13.000","1.424,50","500","468,5","243,7","130","82,3"
"320410","Pinheiros","ES","26.763","24.000","4.590,00","0","4.140,00","450","0","Sim","450","","","450","","5.000","253","132","25","41","50","5"
"353870","Piracicaba","SP","400.949","400.949","115.424,60","0","114.714,70","709,9","0","Sim","3.539,50","0","2.829,60","709,9","","392.340","3.483,90","1.689,90","462,5","323,7","731,5","276,3"
"315080","Piranga","MG","17.618","11.500","1.200,00","1.200,00","0","0","0","Sim","255,5","255,5","0","0","","3.000","199,8","74,7","49,2","13,2","18,3","44,4"
"353900","Pirangi","SP","11.362","10.563","2.552,00","2.552,00","0","0","0","Sim","1.250,50","1.250,50","0","0","","10.000","1.246,50","452","499","160","87,5","48"
"315090","Piranguçu","MG","5.455","3.478","805,6","678,2","0","127,4","0","Sim","127,4","","","127,4","","900","122,5","43,5","33,1","29","14,7","2,2"
"353970","Platina","SP","3.521","3.200","780","720","0","60","0","Sim","60","","","60","","2.550","58","36","7","3","4","8"
"353980","Poá","SP","116.530","115.000","30.884,00","0","30.484,00","400","0","Sim","823","0","423","400","","11.500","657","252","312","38","16","39"
"315180","Poços de Caldas","MG","166.111","166.000","54.462,00","0","54.462,00","0","0","Sim","600","0","600","0","","162.000","500","250","80","100","30","40"
"353990","Poloni","SP","6.004","5.344","881","653","0","228","0","Sim","228","","","228","","5.344","163","50","41","35","22","15"
"500660","Ponta Porã","MS","91.082","75.185","26.572,40","26.506,00","0","66,4","0","Sim","66,4","","","66,4","","9.368","49,8","26,3","13,4","10","0","0,1"
"431478","Ponte Preta","RS","1.572","460","140","140","0","0","0","Sim","155","155","0","0","","460","15","5","5","2","1","2"
"320425","Ponto Belo","ES","7.784","6.233","1.500,00","1.500,00","0","0","0","Sim","1.500,00","1.500,00","0","0","","6.233","239","60","80","10","9","80"
"330410","Porciúncula","RJ","18.730","15.230","696","348","0","348","0","Sim","349","1","0","348","","13.520","348","120","120","50","58","0"
"431480","Portão","RS","36.510","36.510","6.259,60","0","6.136,50","123,1","0","Sim","495,5","0","372,4","123,1","","29.846","36,5","21,3","6,9","4,5","3,8","0"
"315220","Porteirinha","MG","37.950","28.000","4.091,00","3.900,00","0","191","0","Sim","191","0","0","191","","9.000","187","80","60","38","8","1"
"431490","Porto Alegre","RS","1.479.101","1.479.101","381.606,30","0","342.804,00","639,1","38.163,20","Sim","17.419,70","0","16.780,60","639,1","","1.479.101","11.266,00","5.728,00","2.181,00","761","2.596,00","0"
"421360","Porto União","SC","35.250","32.241","6.344,30","0","6.344,30","0","0","Sim","708,9","37,8","671,1","0","","29.749","495,9","172,1","150,8","80,6","91,1","1,3"
"354105","Pratânia","SP","5.204","4.000","1.008,00","1.008,00","0","0","0","Sim","150","150","0","0","","3.884","102","20","60","10","10","2"
"315290","Pratápolis","MG","8.642","7.647","2.370,00","2.370,00","0","0","0","Sim","565","565","0","0","","3.823","381","103","127","65","58","28"
"421400","Presidente Getúlio","SC","17.215","12.182","2.569,40","0","2.569,40","0","0","Sim","326,4","0","326,4","0","","12.182","226,6","0","0","0","0","226,6"
"412065","Quarto Centenário","PR","4.560","2.734","391,5","391,5","0","0","0","Sim","96","96","0","0","","2.734","0,1","0","0,1","0","0","0"
"354170","Quatá","SP","14.006","13.144","1.820,00","1.500,00","0","320","0","Sim","320","","","320","","13.144","280","140","70","70","0","0"
"330412","Quatis","RJ","14.165","13.319","2.289,30","0","2.216,50","72,8","0","Sim","72,8","0","0","72,8","","13.319","72,7","0","0","0","0","72,7"
"412085","Quatro Pontes","PR","4.000","4.000","1.579,80","20,1","1.392,00","165,7","2","Sim","185,8","0","20,1","165,7","","2.563","165,7","57,2","24,1","59,1","3,1","22,2"
"412100","Querência do Norte","PR","12.180","10.800","1.580,00","1.410,00","0","170","0","Sim","170","","","170","","2.980","162","57,5","28,2","15,8","12","48,5"
"354220","Rancharia","SP","29.688","26.621","12.394,00","6.000,00","6.094,00","300","0","Sim","810","510","0","300","","26.621","300","30","100","145","10","15"
"412140","Realeza","PR","16.894","15.000","3.400,00","2.500,00","0","900","0","Sim","900","","","900","","12.000","640","190","160","40","180","70"
"354260","Registro","SP","56.249","56.249","15.714,30","0","15.600,00","114,3","0","Sim","714,3","0","600","114,3","","49.934","229","117,3","34,9","20,9","54,5","1,4"
"354300","Ribeirão Branco","SP","16.684","12.000","1.064,00","1.000,00","4","60","0","Sim","124","60","4","60","","7.000","4,5","1","1,5","1,5","0,5","0"
"412180","Ribeirão Claro","PR","10.693","10.200","1.550,00","1.550,00","0","0","0","Sim","500","500","0","0","","7.095","367","120","150","90","5","2"
"412190","Ribeirão do Pinhal","PR","13.112","12.350","2.422,00","2.112,00","310","0","0","Sim","300","0","300","0","","10.741","243","150","80","5","2","6"
"354330","Ribeirão Pires","SP","122.607","122.607","29.408,80","0","29.125,00","283,8","0","Sim","283,8","0","0","283,8","","15.000","218,3","98,1","33,9","34,2","26,8","25,3"
"354380","Rinópolis","SP","10.003","8.695","1.160,00","1.160,00","0","0","0","Sim","84","84","0","0","","8.695","70","20","20","10","10","10"
"412210","Rio Bom","PR","3.225","2.009","449","421","0","28","0","Sim","28","","","28","","1.941","22,1","9,5","3,6","0","0","9"
"412215","Rio Bonito do Iguaçu","PR","13.283","3.230","650","550","100","0","0","Sim","650","550","100","0","","3.230","100","40","24","2","18","16"
"120040","Rio Branco","AC","401.155","386.845","78.352,00","0","75.912,50","240,5","2.199,00","Sim","400,5","0","0","240,5","160","91.623","240,5","205","35","0,5","0","0"
"500720","Rio Brilhante","MS","36.830","29.496","8.000,00","8.000,00","0","0","0","Sim","150","150","0","0","","29.000","135","96","22","17","0","0"
"330455","Rio de Janeiro","RJ","6.688.927","6.688.927","2.141.363,00","1.766.346,00","0","0","375.017,00","Sim","15.556,00","15.556,00","0","0","","2.986.803","10.888,60","2.941,20","5.829,40","327,4","557,6","1.233,00"
"421460","Rio do Oeste","SC","7.456","3.565","1.046,00","0","975","0","71","Sim","1.010,00","35","975","0","","3.565","22","5,5","5,5","5,5","5,5","0"
"421470","Rio dos Cedros","SC","11.542","8.195","1.569,30","1.569,30","0","0","0","Sim","135","135","0","0","","5.735","125","47","35","13","30","0"
"412260","Rondon","PR","9.534","7.626","720","720","0","0","0","Sim","720","720","0","0","","7.626","144","40","28","10","50","16"
"510760","Rondonópolis","MT","228.857","226.568","62.789,00","0","62.304,00","485","0","Sim","965,4","0","480,4","485","","72.000","619,9","469,2","107,8","42,9","0","0"
"354460","Sabino","SP","5.564","4.879","1.400,00","1.400,00","0","0","0","Sim","59","59","0","0","","2.414","50","31,6","17","0,9","0,2","0,3"
"315690","Sacramento","MG","25.989","20.826","10.000,00","0","10.000,00","0","0","Sim","3.000,00","0","3.000,00","0","","19.000","2.975,00","390","420","90","75","2.000,00"
"315700","Salinas","MG","41.349","40.000","9.378,00","8.918,00","250","210","0","Sim","210","","","210","","8.035","182,4","109,4","57,3","5,7","5","5"
"354520","Salto","SP","117.561","117.561","31.779,90","0","30.746,90","1.033,00","0","Sim","1.748,20","0","715,2","1.033,00","","74.710","1.269,20","606,9","261,9","244,2","151,8","4,4"
"354560","Santa Adélia","SP","15.397","15.397","3.611,00","3.611,00","0","0","0","Sim","230","230","0","0","","8.000","186","55","45","50","35","1"
"431670","Santa Bárbara do Sul","RS","8.099","6.915","1.440,00","0","1.440,00","0","0","Sim","1.440,00","0","1.440,00","0","","6.407","55","20","9","13","8","5"
"354630","Santa Cruz das Palmeiras","SP","33.975","32.917","7.937,90","7.858,60","0","79,3","0","Sim","79,3","0","0","79,3","","32.917","62","31,1","16,3","8,6","5,8","0,2"
"421555","Santa Helena","SC","2.247","832","390","0","390","0","0","Sim","71","23","48","0","","832","70","21","18","18","13","0"
"354740","Santa Rita D Oeste","SP","2.510","1.773","875","875","0","0","0","Sim","48","48","0","0","","1.750","44","11","12","7","8","6"
"354760","Santa Rosa de Viterbo","SP","26.322","25.092","5.339,00","0","5.305,70","33,3","0","Sim","33,3","0","0","33,3","","25.092","33,1","10","8","12","3","0,1"
"354790","Santo Antônio da Alegria","SP","6.880","6.880","404","404","0","0","0","Sim","48","48","0","0","","5.096","47","11","10","10","12","4"
"412410","Santo Antônio da Platina","PR","45.728","42.157","10.500,00","0","9.000,00","1.500,00","0","Sim","1.500,00","","","1.500,00","","19.700","1.212,00","360","334","343","79","96"
"354800","Santo Antônio de Posse","SP","23.085","22.500","6.570,50","0","5.885,50","685","0","Sim","685","","","685","","10.500","527,6","241,7","71","42,7","36,2","136"
"354830","Santo Expedito","SP","3.086","3.000","570","500","0","70","0","Sim","70","","","70","","1.500","69,7","26,9","12","16","14","0,8"
"354850","Santos","SP","432.957","432.957","170.662,80","0","164.602,00","1.447,00","4.613,80","Sim","12.254,00","0","6.193,20","1.447,00","4.613,80","432.633","11.270,80","3.925,70","1.861,80","1.110,90","1.810,00","2.562,40"
"354860","São Bento do Sapucaí","SP","10.862","8.000","2.600,00","2.600,00","0","0","0","Sim","12","12","0","0","","2.500","11","2","2","2","1","4"
"421590","São Bonifácio","SC","2.862","2.862","348,2","348,2","0","0","0","Sim","58,3","58,3","0","0","","652","48,5","20,5","11,5","8,5","8","0"
"412460","São Carlos do Ivaí","PR","6.834","6.108","1.300,00","0","1.300,00","0","0","Sim","260","0","260","0","","6.108","197","45","55","25","72","0"
"431805","São Domingos do Sul","RS","3.065","1.831","600","0","600","0","0","Sim","600","0","600","0","","1.831","108","28","28","23","18","11"
"500769","São Gabriel do Oeste","MS","26.363","22.916","7.260,00","5.940,00","1.000,00","320","0","Sim","1.520,00","1.200,00","0","320","","22.916","488","255","158","52","23","0"
"412470","São Jerônimo da Serra","PR","11.213","6.750","1.500,00","1.120,00","0","380","0","Sim","380","","","380","","2.800","320","50","100","110","40","20"
"316220","São João Batista do Glória","MG","7.407","7.000","1.980,00","1.600,00","0","380","0","Sim","1.980,00","1.600,00","0","380","","6.000","304","104","116","67","17","0"
"421635","São João do Itaperiú","SC","3.707","3.707","641,3","641,3","0","0","0","Sim","31,3","31,3","0","0","","2.037","22,9","12,6","5,7","2,3","2,3","0"
"421660","São José","SC","242.927","242.927","63.312,00","0","63.312,00","0","0","Sim","1.302,00","0","1.302,00","0","","240.042","1.085,00","271","326","163","163","162"
"431849","São José do Inhacorá","RS","2.091","1.300","184","184","0","0","0","Sim","57","57","0","0","","791","40","10","10","10","10","0"
"431860","São José do Ouro","RS","6.945","4.559","840","840","0","0","0","Sim","90","90","0","0","","2.200","80","20","16","22","10","12"
"412550","São José dos Pinhais","PR","317.476","284.654","64.171,00","523","63.072,00","576","0","Sim","2.299,00","523","1.200,00","576","","284.654","1.643,00","368","390","380","302","203"
"355010","São Manuel","SP","40.781","39.793","11.260,00","10.620,00","0","640","0","Sim","640","","","640","","39.793","581,5","340","122,7","5,7","108,3","4,8"
"431900","São Marcos","RS","21.449","21.449","3.787,00","0","3.787,00","0","0","Sim","4.387,00","600","3.787,00","0","","18.776","330","93","127","65","39","6"
"421720","São Miguel do Oeste","SC","40.090","35.407","9.360,00","0","8.400,00","960","0","Sim","960","","","960","","35.407","682","252","141","48","240","1"
"355030","São Paulo","SP","12.176.866","12.067.407","3.729.839,00","0","3.729.839,00","0","0","Sim","76.907,00","0","76.907,00","0","","9.653.925","33.426,70","21.529,20","5.893,80","2.329,10","2.634,50","1.040,10"
"431930","São Paulo das Missões","RS","5.863","2.026","408","0","408","0","0","Sim","408","0","408","0","","2.026","72","25","10","30","7","0"
"412590","São Pedro do Paraná","PR","2.338","1.800","600","600","0","0","0","Sim","280","280","0","0","","1.531","250","180","30","35","3","2"
"431971","São Valentim do Sul","RS","2.239","1.158","300","0","300","0","0","Sim","300","0","300","0","","770","60","30","18","6","6","0"
"316530","São Vicente de Minas","MG","7.687","6.516","1.350,00","0","1.261,30","88,7","0","Sim","405","0","316,3","88,7","","6.516","324,6","164","103","38","13","6,6"
"510787","Sapezal","MT","25.054","22.476","5.815,00","2.986,00","2.133,00","696","0","Sim","696","","","696","","14.000","480","290","95","70","15","10"
"432000","Sapucaia do Sul","RS","140.311","139.788","30.299,00","0","29.882,00","417","0","Sim","417","","","417","","57.528","290,1","128,8","53,7","51,4","48,3","7,9"
"432023","Sede Nova","RS","2.924","1.535","222,9","222,9","0","0","0","Sim","222,9","222,9","0","0","","1.535","43","12","8,8","6,6","4,4","11,2"
"412635","Serranópolis do Iguaçu","PR","4.513","2.294","530","530","0","0","0","Sim","211","211","0","0","","2.294","182","79","66","32","5","0"
"432060","Severiano de Almeida","RS","3.685","2.500","420","0","420","0","0","Sim","420","0","420","0","","1.342","106","30","45","18","8","5"
"500790","Sidrolândia","MS","56.081","36.981","5.096,50","0","5.066,50","30","0","Sim","30","","","30","","2.000","27,2","21,6","4,2","0","0","1,4"
"355210","Socorro","SP","40.648","30.165","14.500,00","12.000,00","0","2.500,00","0","Sim","2.500,00","","","2.500,00","","27.638","565","300","100","60","80","25"
"355220","Sorocaba","SP","671.186","671.186","189.789,00","0","186.789,00","3.000,00","0","Sim","3.000,00","","","3.000,00","","107.000","2.930,00","1.500,00","1.000,00","300","100","30"
"412667","Tamarana","PR","14.548","8.278","1.608,40","1.158,00","0","350,4","100","Sim","370,4","0","0","350,4","20","6.950","5","1","1","1","1","1"
"355340","Tanabi","SP","25.830","23.339","4.435,50","4.320,00","0","115,5","0","Sim","115,5","","","115,5","","23.339","111,5","42,9","36,7","30,4","0","1,5"
"432100","Tapera","RS","10.593","10.100","2.185,00","0","2.185,00","0","0","Sim","1.120,00","0","1.120,00","0","","7.200","451","200","80","24","147","0"
"412690","Tapira","PR","5.584","3.900","705,6","705,6","0","0","0","Sim","705,6","705,6","0","0","","2.900","119,3","53,8","17,6","14,6","13,5","19,8"
"355360","Tapiratiba","SP","12.970","10.696","2.640,00","2.640,00","0","0","0","Sim","28,4","28,4","0","0","","10.696","24,8","8","10","3","2","1,8"
"432120","Taquara","RS","57.292","55.966","8.139,60","0","8.139,60","0","0","Sim","1.180,00","0","1.180,00","0","","43.693","952,8","338,7","245,4","197,9","150,1","20,7"
"500797","Taquarussu","MS","3.583","2.540","449","449","0","0","0","Sim","110","110","0","0","","2.499","106,8","72","22,6","5,6","6,6","0"
"355400","Tatuí","SP","120.533","119.000","31.923,00","30.923,00","0","1.000,00","0","Sim","1.570,00","570","0","1.000,00","","35.000","1.000,00","341","164","19","46","430"
"432140","Tenente Portela","RS","13.538","13.420","1.472,90","0","1.472,90","0","0","Sim","1.472,90","0","1.472,90","0","","8.730","174,2","64,3","67,2","18,2","24,5","0"
"432150","Torres","RS","38.386","38.386","15.051,40","0","14.134,80","916,6","0","Sim","916,6","","","916,6","","30.000","590,6","301,5","126","125,7","28,9","8,5"
"412785","Três Barras do Paraná","PR","12.043","7.230","1.500,00","0","1.500,00","0","0","Sim","199","80","119","0","","6.208","119","45","32","28","8","6"
"330600","Três Rios","RJ","81.453","80.000","15.663,50","88","15.463,00","112,5","0","Sim","112,5","","","112,5","","26.010","104,4","92,3","2,7","0,2","0","9,2"
"432195","Trindade do Sul","RS","5.813","4.232","830,5","0","830,5","0","0","Sim","405","0","405","0","","1.320","176,5","30,5","31,5","65","19,8","29,7"
"412795","Tupãssi","PR","8.128","6.389","1.535,00","0","1.335,00","200","0","Sim","2.665,00","1.130,00","1.335,00","200","","6.389","200","80","30","40","20","30"
"432232","Turuçu","RS","3.455","2.257","395","299","0","96","0","Sim","96","","","96","","1.459","92,1","55,1","34,7","2,3","0","0"
"412800","Ubiratã","PR","21.119","19.350","6.115,00","5.880,00","0","235","0","Sim","529","294","0","235","","17.150","115","41","36","23","0","15"
"355590","Uru","SP","1.177","1.017","618","600","0","0","18","Sim","18","18","0","0","","1.017","17","10","6","1","0","0"
"355610","Valentim Gentil","SP","13.115","13.115","3.451,30","1.438,00","2.013,30","0","0","Sim","188,6","56,6","132","0","","11.971","132","59","25","19","13","16"
"432290","Viadutos","RS","4.825","2.401","542,4","0","542,4","0","0","Sim","1.262,40","720","542,4","0","","2.401","175,2","100","63,2","10","1","1"
"432330","Vila Flores","RS","3.374","2.000","636","30","606","0","0","Sim","103","0","103","0","","100","8","2","2","1","1","2"
"320520","Vila Velha","ES","486.208","483.850","145.000,00","0","145.000,00","0","0","Sim","162","0","162","0","","27.000","81","53","8","8","8","4"
"320530","Vitória","ES","358.267","358.267","125.421,60","0","125.421,60","0","0","Sim","2.932,60","0","2.932,60","0","","15.147","1.498,60","1.179,00","187,7","131,9","0","0"
"421935","Vitor Meireles","SC","5.014","3.000","400","0","400","0","0","Sim","500","100","400","0","","400","80","8","8","48","12","4"
"412850","Wenceslau Braz","PR","19.444","17.198","8.884,00","0","6.259,00","2.625,00","0","Sim","2.625,00","","","2.625,00","","8.208","851,2","342,1","166,7","111,1","103","128,3"
"421950","Xanxerê","SC","50.309","44.626","10.090,00","0","9.960,00","130","0","Sim","730","0","600","130","","44.600","130","78","28","11","0","13"